seed,flux,f01,f12,Ic,anharmonicity
1,0.000100,16.455523,16.303298,0.389728,-0.152225
1,0.050604,16.427267,16.274719,0.387662,-0.152548
1,0.101108,16.342557,16.189039,0.382338,-0.153518
1,0.151612,16.200897,16.045751,0.373833,-0.155145
1,0.202116,16.001451,15.844007,0.362269,-0.157444
1,0.252620,15.743042,15.582612,0.347821,-0.160430
1,0.303124,15.424137,15.260025,0.330723,-0.164112
1,0.353628,15.042850,14.874366,0.311260,-0.168484
1,0.404132,14.596951,14.423445,0.289756,-0.173506
1,0.454636,14.083911,13.904833,0.266587,-0.179078
1,0.505140,13.500999,13.316000,0.242169,-0.184999
1,0.555644,12.845503,12.654600,0.216954,-0.190903
1,0.606148,12.115184,11.919025,0.191436,-0.196158
1,0.656653,11.309282,11.109579,0.166138,-0.199703
1,0.707157,10.430836,10.231058,0.141616,-0.199778
1,0.757661,9.492495,9.298841,0.118408,-0.193654
1,0.808165,8.531600,8.353031,0.096976,-0.178568
1,0.858669,7.645018,7.483753,0.077613,-0.161265
1,0.909173,7.018349,6.828936,0.060440,-0.189413
1,0.959677,6.750516,6.409460,0.045508,-0.341056
1,1.010181,6.532052,5.960076,0.053563,-0.571975
1,1.060685,6.070174,5.687083,0.068445,-0.383091
1,1.111189,5.770557,5.985430,0.082691,0.214874
1,1.161693,5.994424,6.438711,0.095441,0.444287
1,1.212197,6.521851,6.858633,0.106202,0.336782
1,1.262701,7.095449,7.242719,0.114704,0.147270
1,1.313205,7.607128,7.584531,0.120830,-0.022597
1,1.363709,8.029611,7.870152,0.124587,-0.159458
1,1.414213,8.362628,8.092266,0.126092,-0.270362
1,1.464717,8.611895,8.253267,0.125546,-0.358629
1,1.515221,8.782752,8.362480,0.123215,-0.420272
1,1.565725,8.879492,8.431006,0.119412,-0.448486
1,1.616229,8.907213,8.466289,0.114474,-0.440924
1,1.666733,8.874626,8.469489,0.108744,-0.405137
1,1.717237,8.795919,8.438675,0.102573,-0.357244
1,1.767741,8.689366,8.375812,0.096351,-0.313554
1,1.818245,8.572147,8.289943,0.090559,-0.282205
1,1.868749,8.455340,8.194109,0.085827,-0.261231
1,1.919254,8.345629,8.103489,0.082956,-0.242140
1,1.969758,8.254896,8.038875,0.082744,-0.216021
1,2.020262,8.208150,8.027292,0.085554,-0.180858
1,2.070766,8.237201,8.091846,0.091087,-0.145355
1,2.121270,8.360952,8.238702,0.098618,-0.122250
1,2.171774,8.571294,8.454559,0.107327,-0.116735
1,2.222278,8.838488,8.714297,0.116469,-0.124192
1,2.272782,9.127100,8.990299,0.125442,-0.136801
1,2.323286,9.407590,9.258600,0.133783,-0.148990
1,2.373790,9.659709,9.501319,0.141145,-0.158390
1,2.424294,9.871231,9.706551,0.147297,-0.164680
1,2.474798,10.035542,9.867168,0.152094,-0.168374
1,2.525302,10.149607,9.979474,0.155482,-0.170133
1,2.575806,10.212628,10.042154,0.157490,-0.170473
1,2.626310,10.225281,10.055592,0.158207,-0.169690
1,2.676814,10.189361,10.021493,0.157784,-0.167868
1,2.727318,10.107690,9.942757,0.156389,-0.164932
1,2.777822,9.984192,9.823474,0.154198,-0.160718
1,2.828326,9.824052,9.668966,0.151367,-0.155086
1,2.878830,9.633827,9.485764,0.148016,-0.148063
1,2.929334,9.421408,9.281398,0.144221,-0.140010
1,2.979838,9.195655,9.063934,0.140044,-0.131722
1,3.030342,8.965627,8.841255,0.135520,-0.124372
1,3.080846,8.739469,8.620249,0.130686,-0.119219
1,3.131351,8.523268,8.406136,0.125588,-0.117132
1,3.181855,8.320341,8.202179,0.120285,-0.118162
1,3.232359,8.131349,8.009919,0.114849,-0.121429
1,3.282863,7.955279,7.829868,0.109371,-0.125412
1,3.333367,7.790946,7.662442,0.103954,-0.128504
1,3.383871,7.638463,7.508842,0.098714,-0.129621
1,3.434375,7.500221,7.371530,0.093768,-0.128691
1,3.484879,7.381023,7.254067,0.089233,-0.126956
1,3.535383,7.287103,7.160193,0.085210,-0.126909
1,3.585887,7.223992,7.092331,0.081786,-0.131661
1,3.636391,7.193661,7.049881,0.079014,-0.143780
1,3.686895,7.192060,7.027833,0.076923,-0.164227
1,3.737399,7.208276,7.016071,0.075505,-0.192206
1,3.787903,7.225674,6.999621,0.074717,-0.226053
1,3.838407,7.224103,6.959859,0.074480,-0.264244
1,3.888911,7.181878,6.876755,0.074678,-0.305123
1,3.939415,7.077012,6.733019,0.075154,-0.343993
1,3.989919,6.888763,6.522629,0.075730,-0.366134
1,4.040423,6.603294,6.265985,0.076220,-0.337309
1,4.090927,6.231378,6.022265,0.076454,-0.209113
1,4.141431,5.843884,5.866935,0.076282,0.023051
1,4.191935,5.593252,5.829167,0.075595,0.235916
1,4.242439,5.632553,5.881988,0.074314,0.249435
1,4.292943,5.961160,6.016886,0.072401,0.055725
1,4.343447,6.428726,6.250263,0.069856,-0.178463
1,4.393952,6.885690,6.558136,0.066719,-0.327554
1,4.444456,7.257751,6.876926,0.063087,-0.380826
1,4.494960,7.527228,7.150425,0.059165,-0.376803
1,4.545464,7.700611,7.350945,0.055897,-0.349665
1,4.595968,7.790797,7.472909,0.059806,-0.317888
1,4.646472,7.810420,7.521327,0.063459,-0.289092
1,4.696976,7.770004,7.504523,0.066350,-0.265480
1,4.747480,7.677816,7.430959,0.068301,-0.246857
1,4.797984,7.540279,7.308320,0.069220,-0.231959
1,4.848488,7.362624,7.143639,0.069075,-0.218985
1,4.898992,7.149694,6.943825,0.067872,-0.205869
1,4.949496,6.906868,6.716221,0.065653,-0.190647
1,5.000000,6.640923,6.468813,0.062489,-0.172110
2,0.000100,19.032184,18.895160,0.544893,-0.137024
2,0.050604,19.006943,18.869682,0.544208,-0.137261
2,0.101108,18.931299,18.793323,0.539893,-0.137975
2,0.151612,18.804881,18.665697,0.532084,-0.139184
2,0.202116,18.627062,18.486146,0.520912,-0.140917
2,0.252620,18.396933,18.253717,0.506574,-0.143216
2,0.303124,18.113267,17.967126,0.489282,-0.146140
2,0.353628,17.774471,17.624707,0.469267,-0.149765
2,0.404132,17.378520,17.224336,0.446786,-0.154185
2,0.454636,16.922850,16.763334,0.422100,-0.159516
2,0.505140,16.404218,16.238329,0.395480,-0.165889
2,0.555644,15.818496,15.645073,0.367215,-0.173423
2,0.606148,15.160374,14.978217,0.337607,-0.182156
2,0.656653,14.422958,14.231107,0.306975,-0.191852
2,0.707157,13.597298,13.395773,0.275720,-0.201525
2,0.757661,12.672103,12.463758,0.244276,-0.208345
2,0.808165,11.634884,11.429524,0.213170,-0.205359
2,0.858669,10.479213,10.300728,0.182964,-0.178485
2,0.909173,9.234116,9.121385,0.154316,-0.112731
2,0.959677,8.046224,7.996541,0.127942,-0.049683
2,1.010181,7.217542,7.059793,0.104652,-0.157749
2,1.060685,6.726453,6.282959,0.085418,-0.443494
2,1.111189,5.863633,5.115305,0.071698,-0.748328
2,1.161693,4.577572,4.924000,0.070040,0.346428
2,1.212197,4.992013,5.548947,0.077345,0.556934
2,1.262701,6.179321,6.209223,0.084085,0.029902
2,1.313205,7.146427,6.891539,0.089266,-0.254888
2,1.363709,7.841784,7.476642,0.092712,-0.365142
2,1.414213,8.329134,7.927018,0.094485,-0.402116
2,1.464717,8.655631,8.245174,0.094748,-0.410457
2,1.515221,8.850170,8.442354,0.093699,-0.407816
2,1.565725,8.930147,8.529044,0.091550,-0.401103
2,1.616229,8.905674,8.512799,0.088496,-0.392875
2,1.666733,8.781552,8.397741,0.084674,-0.383812
2,1.717237,8.557614,8.183849,0.080161,-0.373766
2,1.767741,8.227434,7.865142,0.075012,-0.362292
2,1.818245,7.774753,7.426330,0.069276,-0.348423
2,1.868749,7.167458,6.842793,0.062994,-0.324665
2,1.919254,6.363733,6.125668,0.056197,-0.238065
2,1.969758,5.473501,5.520620,0.050625,0.047118
2,2.020262,5.303478,5.429721,0.048176,0.126243
2,2.070766,6.187138,5.938571,0.046555,-0.248567
2,2.121270,7.118764,6.765144,0.046450,-0.353620
2,2.171774,7.781635,7.470131,0.053542,-0.311504
2,2.222278,8.235214,7.972984,0.064283,-0.262229
2,2.272782,8.544897,8.317461,0.073961,-0.227436
2,2.323286,8.749594,8.545219,0.082158,-0.204376
2,2.373790,8.871856,8.683253,0.088795,-0.188603
2,2.424294,8.925634,8.748696,0.093975,-0.176938
2,2.474798,8.920611,8.753244,0.097949,-0.167366
2,2.525302,8.864711,8.706047,0.101141,-0.158664
2,2.575806,8.765820,8.615678,0.104161,-0.150141
2,2.626310,8.633215,8.491682,0.107793,-0.141533
2,2.676814,8.478930,8.345877,0.112731,-0.133053
2,2.727318,8.318892,8.193259,0.119126,-0.125633
2,2.777822,8.173196,8.051958,0.126552,-0.121238
2,2.828326,8.064269,7.941449,0.134372,-0.122820
2,2.878830,8.011917,7.878695,0.141928,-0.133223
2,2.929334,8.026277,7.873192,0.148572,-0.153085
2,2.979838,8.102789,7.923328,0.153727,-0.179461
2,3.030342,8.223314,8.016282,0.156954,-0.207031
2,3.080846,8.362738,8.131754,0.158055,-0.230984
2,3.131351,8.496257,8.247354,0.157019,-0.248903
2,3.181855,8.603561,8.342932,0.153984,-0.260629
2,3.232359,8.669670,8.402548,0.149165,-0.267122
2,3.282863,8.683918,8.414496,0.142795,-0.269422
2,3.333367,8.638515,8.370419,0.135129,-0.268095
2,3.383871,8.527397,8.264352,0.126425,-0.263045
2,3.434375,8.345651,8.092065,0.116984,-0.253586
2,3.484879,8.089675,7.850766,0.107111,-0.238909
2,3.535383,7.758292,7.538797,0.097178,-0.219495
2,3.585887,7.354932,7.154137,0.087585,-0.200795
2,3.636391,6.889538,6.689065,0.078785,-0.200472
2,3.686895,6.373588,6.120295,0.071248,-0.253293
2,3.737399,5.798451,5.430035,0.065490,-0.368417
2,3.787903,5.180944,4.768439,0.062008,-0.412505
2,3.838407,4.875557,4.186274,0.061275,-0.689283
2,3.888911,5.080496,3.714682,0.063708,-1.365814
2,3.939415,5.421712,3.882178,0.069539,-1.539534
2,3.989919,5.756503,4.348096,0.078573,-1.408407
2,4.040423,6.061117,4.850490,0.090094,-1.210627
2,4.090927,6.319501,5.305883,0.103107,-1.013618
2,4.141431,6.522256,5.694384,0.116575,-0.827872
2,4.191935,6.666077,6.015620,0.129601,-0.650457
2,4.242439,6.751751,6.275278,0.141452,-0.476474
2,4.292943,6.782900,6.480729,0.151506,-0.302171
2,4.343447,6.765552,6.639387,0.159230,-0.126165
2,4.393952,6.708311,6.757926,0.164208,0.049616
2,4.444456,6.622866,6.841811,0.166220,0.218945
2,4.494960,6.524559,6.895019,0.165282,0.370459
2,4.545464,6.432511,6.920123,0.161627,0.487612
2,4.595968,6.368529,6.919066,0.155643,0.550537
2,4.646472,6.353889,6.894895,0.147796,0.541006
2,4.696976,6.403603,6.854191,0.138559,0.450587
2,4.747480,6.519473,6.808613,0.128421,0.289139
2,4.797984,6.685036,6.772578,0.117796,0.087542
2,4.848488,6.865388,6.754444,0.107096,-0.110944
2,4.898992,7.011303,6.741741,0.096701,-0.269562
2,4.949496,7.062158,6.684252,0.086995,-0.377906
2,5.000000,6.938736,6.475103,0.078359,-0.463633
3,0.000100,19.647449,19.522520,0.599491,-0.124930
3,0.050604,19.621939,19.496708,0.598090,-0.125231
3,0.101108,19.545405,19.419260,0.592161,-0.126145
3,0.151612,19.417234,19.289523,0.581791,-0.127711
3,0.202116,19.236360,19.106362,0.567136,-0.129998
3,0.252620,19.001212,18.868101,0.548382,-0.133111
3,0.303124,18.709614,18.572411,0.525809,-0.137203
3,0.353628,18.358651,18.216164,0.499785,-0.142487
3,0.404132,17.944477,17.795217,0.470744,-0.149259
3,0.454636,17.462039,17.304114,0.439195,-0.157925
3,0.505140,16.904707,16.735673,0.405705,-0.169033
3,0.555644,16.263746,16.080434,0.370858,-0.183312
3,0.606148,15.527596,15.325886,0.335203,-0.201710
3,0.656653,14.680830,14.455393,0.299215,-0.225436
3,0.707157,13.702525,13.446499,0.263277,-0.256026
3,0.757661,12.563199,12.267639,0.227707,-0.295560
3,0.808165,11.217158,10.870164,0.192801,-0.346994
3,0.858669,9.577458,9.168227,0.158892,-0.409231
3,0.909173,7.414425,7.032604,0.126361,-0.381821
3,0.959677,4.205063,4.952243,0.095651,0.747180
3,1.010181,5.351424,4.099683,0.067290,-1.251741
3,1.060685,5.773963,5.218446,0.042968,-0.555516
3,1.111189,5.660433,5.635188,0.060661,-0.025245
3,1.161693,6.082349,6.336967,0.074272,0.254618
3,1.212197,6.708275,6.973093,0.084172,0.264818
3,1.262701,7.285359,7.489035,0.090763,0.203676
3,1.313205,7.742634,7.879660,0.094369,0.137026
3,1.363709,8.068295,8.146125,0.095225,0.077830
3,1.414213,8.263056,8.288918,0.093571,0.025862
3,1.464717,8.326807,8.305247,0.089765,-0.021561
3,1.515221,8.254144,8.187511,0.084919,-0.066633
3,1.565725,8.031365,7.922332,0.086503,-0.109033
3,1.616229,7.632431,7.491704,0.089591,-0.140726
3,1.666733,7.013886,6.884721,0.092552,-0.129166
3,1.717237,6.123946,6.148447,0.094783,0.024500
3,1.767741,5.050162,5.485077,0.096017,0.434915
3,1.818245,4.619542,5.072145,0.096148,0.452603
3,1.868749,5.560588,5.123825,0.095151,-0.436763
3,1.919254,6.647492,5.952695,0.093052,-0.694797
3,1.969758,7.382287,6.810984,0.089930,-0.571303
3,2.020262,7.875572,7.402443,0.085890,-0.473129
3,2.070766,8.215108,7.780424,0.081073,-0.434685
3,2.121270,8.440271,7.994838,0.075643,-0.445434
3,2.171774,8.566111,8.053089,0.069790,-0.513022
3,2.222278,8.593135,7.305896,0.063672,-1.287239
3,2.272782,8.497018,1.221289,0.061948,-7.275729
3,2.323286,3.218481,5.027761,0.062557,1.809281
3,2.373790,3.433916,4.163093,0.060487,0.729177
3,2.424294,7.683548,2.579997,0.056260,-5.103551
3,2.474798,7.586835,7.020032,0.050556,-0.566803
3,2.525302,7.307897,6.804526,0.044400,-0.503371
3,2.575806,6.869532,6.440183,0.039915,-0.429349
3,2.626310,6.390437,6.108954,0.044210,-0.281483
3,2.676814,6.116395,5.981867,0.054694,-0.134528
3,2.727318,6.189066,6.125834,0.068005,-0.063233
3,2.777822,6.491583,6.476221,0.082852,-0.015362
3,2.828326,6.869744,6.905697,0.098388,0.035953
3,2.878830,7.251647,7.328581,0.113943,0.076934
3,2.929334,7.613406,7.713371,0.128929,0.099965
3,2.979838,7.946645,8.053582,0.142789,0.106936
3,3.030342,8.247006,8.349732,0.154999,0.102726
3,3.080846,8.511052,8.602983,0.165111,0.091931
3,3.131351,8.735546,8.813544,0.172830,0.077998
3,3.181855,8.917293,8.980550,0.178072,0.063258
3,3.232359,9.053096,9.102271,0.180911,0.049175
3,3.282863,9.139716,9.176297,0.181516,0.036581
3,3.333367,9.173805,9.199625,0.180093,0.025820
3,3.383871,9.151801,9.168573,0.176845,0.016772
3,3.434375,9.069692,9.078447,0.171988,0.008756
3,3.484879,8.922510,8.922703,0.165711,0.000193
3,3.535383,8.703165,8.690937,0.158199,-0.012228
3,3.585887,8.399482,8.363744,0.149616,-0.035738
3,3.636391,7.985507,7.897416,0.140113,-0.088091
3,3.686895,7.389592,7.166770,0.129837,-0.222822
3,3.737399,6.323340,5.721654,0.118951,-0.601687
3,3.787903,3.738666,4.564986,0.107679,0.826320
3,3.838407,6.301442,5.419352,0.096314,-0.882090
3,3.888911,8.603550,7.820270,0.085301,-0.783280
3,3.939415,9.792698,9.300471,0.075336,-0.492226
3,3.989919,10.584400,10.221698,0.097972,-0.362702
3,4.040423,11.176491,10.875549,0.122803,-0.300942
3,4.090927,11.642407,11.373409,0.146288,-0.268997
3,4.141431,12.015100,11.763752,0.167924,-0.251348
3,4.191935,12.311112,12.070241,0.187274,-0.240871
3,4.242439,12.539461,12.305477,0.203970,-0.233985
3,4.292943,12.705519,12.476746,0.217728,-0.228772
3,4.343447,12.812895,12.588728,0.228356,-0.224167
3,4.393952,12.864438,12.644857,0.235762,-0.219581
3,4.444456,12.862781,12.648046,0.239951,-0.214735
3,4.494960,12.810640,12.601048,0.241015,-0.209593
3,4.545464,12.710942,12.506594,0.239109,-0.204348
3,4.595968,12.566808,12.367369,0.234458,-0.199438
3,4.646472,12.381393,12.185852,0.227359,-0.195541
3,4.696976,12.157569,11.964037,0.218169,-0.193532
3,4.747480,11.897454,11.703074,0.207328,-0.194380
3,4.797984,11.601837,11.402845,0.195336,-0.198991
3,4.848488,11.269557,11.061544,0.182726,-0.208013
3,4.898992,10.896940,10.675275,0.169995,-0.221665
3,4.949496,10.477372,10.237703,0.157486,-0.239668
3,5.000000,10.001004,9.739602,0.145340,-0.261402
0,0.000100,18.127875,17.980128,0.475199,-0.147747
0,0.050604,18.104894,17.956869,0.473403,-0.148025
0,0.101108,18.036016,17.887152,0.468458,-0.148864
0,0.151612,17.920891,17.770608,0.460389,-0.150283
0,0.202116,17.758925,17.606612,0.449279,-0.152312
0,0.252620,17.549262,17.394264,0.435235,-0.154998
0,0.303124,17.290765,17.132367,0.418412,-0.158398
0,0.353628,16.981982,16.819394,0.399003,-0.162588
0,0.404132,16.621101,16.453446,0.377246,-0.167655
0,0.454636,16.205904,16.032202,0.353428,-0.173702
0,0.505140,15.733695,15.552858,0.327860,-0.180837
0,0.555644,15.201214,15.012051,0.300903,-0.189164
0,0.606148,14.604527,14.405771,0.272953,-0.198756
0,0.656653,13.938870,13.729271,0.244437,-0.209599
0,0.707157,13.198453,12.976965,0.215809,-0.221489
0,0.757661,12.376167,12.142358,0.187553,-0.233809
0,0.808165,11.463192,11.218099,0.160177,-0.245093
0,0.858669,10.448523,10.196438,0.134215,-0.252085
0,0.909173,9.318845,9.071162,0.110199,-0.247683
0,0.959677,8.061581,7.844872,0.088612,-0.216708
0,1.010181,6.688870,6.555184,0.069846,-0.133686
0,1.060685,5.385576,5.347234,0.054196,-0.038342
0,1.111189,4.901899,4.589299,0.041886,-0.312600
0,1.161693,5.276019,4.765618,0.033075,-0.510401
0,1.212197,5.443809,4.955351,0.027770,-0.488458
0,1.262701,5.485023,4.989238,0.025714,-0.495786
0,1.313205,5.594970,5.154376,0.034395,-0.440594
0,1.363709,5.781461,5.409520,0.042731,-0.371941
0,1.414213,5.988144,5.663736,0.048687,-0.324409
0,1.464717,6.170061,5.870664,0.052380,-0.299397
0,1.515221,6.303066,6.012477,0.053963,-0.290589
0,1.565725,6.376329,6.084020,0.053638,-0.292308
0,1.616229,6.385906,6.085609,0.051666,-0.300297
0,1.666733,6.330936,6.019822,0.048412,-0.311113
0,1.717237,6.210931,5.888970,0.044515,-0.321962
0,1.767741,6.022142,5.689989,0.041449,-0.332153
0,1.818245,5.749415,5.401035,0.039844,-0.348379
0,1.868749,5.344925,4.952394,0.039028,-0.392531
0,1.919254,4.681046,4.257447,0.038910,-0.423600
0,1.969758,3.712036,3.798163,0.039510,0.086127
0,2.020262,3.723149,4.004739,0.040830,0.281590
0,2.070766,4.827119,4.593314,0.042838,-0.233805
0,2.121270,5.783451,5.408326,0.045485,-0.375124
0,2.171774,6.477904,6.122643,0.048783,-0.355262
0,2.222278,6.993698,6.682323,0.053050,-0.311375
0,2.272782,7.383728,7.112658,0.060671,-0.271070
0,2.323286,7.677153,7.439368,0.069460,-0.237785
0,2.373790,7.890986,7.680261,0.077469,-0.210725
0,2.424294,8.035820,7.847186,0.084409,-0.188634
0,2.474798,8.118579,7.948120,0.090072,-0.170459
0,2.525302,8.143930,7.988526,0.094287,-0.155404
0,2.575806,8.115088,7.972206,0.096916,-0.142882
0,2.626310,8.034318,7.901873,0.097852,-0.132445
0,2.676814,7.903319,7.779593,0.097030,-0.123726
0,2.727318,7.723588,7.607195,0.094436,-0.116393
0,2.777822,7.496856,7.386726,0.090109,-0.110130
0,2.828326,7.225725,7.121028,0.084148,-0.104697
0,2.878830,6.914608,6.814444,0.076705,-0.100164
0,2.929334,6.571151,6.473615,0.068005,-0.097536
0,2.979838,6.208108,6.108075,0.058341,-0.100033
0,3.030342,5.845137,5.730062,0.048134,-0.115074
0,3.080846,5.508543,5.352831,0.038084,-0.155711
0,3.131351,5.224998,4.987114,0.029472,-0.237884
0,3.181855,5.005331,4.634694,0.023828,-0.370636
0,3.232359,4.819042,4.262716,0.021163,-0.556326
0,3.282863,4.533352,1.309786,0.020255,-3.223566
0,3.333367,1.514749,2.839521,0.020095,1.324772
0,3.383871,5.479598,2.846601,0.022962,-2.632997
0,3.434375,6.276699,5.243189,0.029753,-1.033510
0,3.484879,6.879874,6.130583,0.036987,-0.749291
0,3.535383,7.362697,6.740891,0.044423,-0.621806
0,3.585887,7.751306,7.204345,0.051864,-0.546960
0,3.636391,8.060882,7.563110,0.059147,-0.497772
0,3.686895,8.301952,7.839202,0.066136,-0.462750
0,3.737399,8.482728,8.047208,0.072722,-0.435519
0,3.787903,8.610380,8.198478,0.078811,-0.411902
0,3.838407,8.691933,8.303005,0.084339,-0.388928
0,3.888911,8.734971,8.370416,0.089254,-0.364556
0,3.939415,8.748112,8.410401,0.093536,-0.337711
0,3.989919,8.741097,8.432664,0.097184,-0.308433
0,4.040423,8.724268,8.446340,0.100216,-0.277929
0,4.090927,8.707339,8.459016,0.102668,-0.248323
0,4.141431,8.697719,8.475647,0.104578,-0.222071
0,4.191935,8.698996,8.497783,0.105987,-0.201213
0,4.242439,8.710271,8.523427,0.106919,-0.186844
0,4.292943,8.726607,8.547557,0.107382,-0.179050
0,4.343447,8.740315,8.563062,0.107354,-0.177253
0,4.393952,8.742422,8.561744,0.106786,-0.180678
0,4.444456,8.723803,8.535086,0.105602,-0.188717
0,4.494960,8.675757,8.474631,0.103704,-0.201126
0,4.545464,8.590057,8.371955,0.100983,-0.218102
0,4.595968,8.458611,8.218286,0.097340,-0.240325
0,4.646472,8.272829,8.003768,0.092697,-0.269061
0,4.696976,8.022659,7.716250,0.087011,-0.306409
0,4.747480,7.695051,7.339167,0.080283,-0.355884
0,4.797984,7.271061,6.847228,0.072566,-0.423833
0,4.848488,6.719098,6.196126,0.063967,-0.522971
0,4.898992,5.974575,5.295830,0.054648,-0.678745
0,4.949496,4.854952,3.996604,0.044831,-0.858348
0,5.000000,2.759284,3.007983,0.034815,0.248700
8249,0.000100,18.271260,18.132563,0.496984,-0.138697
8249,0.050604,18.247406,18.108476,0.495202,-0.138930
8249,0.101108,18.175939,18.036309,0.490116,-0.139631
8249,0.151612,18.056590,17.915782,0.481788,-0.140808
8249,0.202116,17.888905,17.746428,0.470310,-0.142478
8249,0.252620,17.672253,17.527592,0.455820,-0.144661
8249,0.303124,17.405819,17.258435,0.438478,-0.147384
8249,0.353628,17.088610,16.937931,0.418470,-0.150679
8249,0.404132,16.719459,16.564875,0.396027,-0.154584
8249,0.454636,16.297024,16.137882,0.371399,-0.159142
8249,0.505140,15.819799,15.655395,0.344855,-0.164404
8249,0.555644,15.286110,15.115676,0.316709,-0.170434
8249,0.606148,14.694110,14.516796,0.287289,-0.177313
8249,0.656653,14.041749,13.856592,0.256938,-0.185157
8249,0.707157,13.326718,13.132584,0.226043,-0.194135
8249,0.757661,12.546327,12.341813,0.195000,-0.204514
8249,0.808165,11.697311,11.480552,0.164244,-0.216760
8249,0.858669,10.775522,10.543750,0.134258,-0.231772
8249,0.909173,9.775487,9.523936,0.105597,-0.251551
8249,0.959677,8.689865,8.408668,0.078946,-0.281197
8249,1.010181,7.509023,7.173211,0.055199,-0.335812
8249,1.060685,6.221397,5.748465,0.035540,-0.472932
8249,1.111189,4.780235,0.586339,0.021465,-4.193896
8249,1.161693,5.582305,4.299786,0.026857,-1.282519
8249,1.212197,6.470790,5.861297,0.034548,-0.609493
8249,1.262701,7.167317,6.705480,0.043363,-0.461838
8249,1.313205,7.722525,7.343397,0.052460,-0.379128
8249,1.363709,8.158752,7.831771,0.061202,-0.326981
8249,1.414213,8.491188,8.199355,0.069120,-0.291833
8249,1.464717,8.731057,8.463904,0.075911,-0.267154
8249,1.515221,8.886989,8.637561,0.081415,-0.249428
8249,1.565725,8.965872,8.729256,0.085584,-0.236616
8249,1.616229,8.973452,8.745971,0.088461,-0.227482
8249,1.666733,8.914747,8.693486,0.090136,-0.221260
8249,1.717237,8.794352,8.576889,0.090738,-0.217463
8249,1.767741,8.616681,8.401007,0.090419,-0.215674
8249,1.818245,8.386218,8.171007,0.089354,-0.215211
8249,1.868749,8.107998,7.893522,0.087716,-0.214476
8249,1.919254,7.788770,7.578850,0.085689,-0.209920
8249,1.969758,7.439698,7.244599,0.083449,-0.195099
8249,2.020262,7.081538,6.919414,0.081165,-0.162124
8249,2.070766,6.751068,6.641618,0.078987,-0.109450
8249,2.121270,6.500391,6.446844,0.077044,-0.053546
8249,2.171774,6.375906,6.351167,0.075448,-0.024738
8249,2.222278,6.385110,6.346827,0.074283,-0.038284
8249,2.272782,6.489897,6.410697,0.073615,-0.079200
8249,2.323286,6.636601,6.513762,0.073497,-0.122838
8249,2.373790,6.785971,6.629942,0.073973,-0.156030
8249,2.424294,6.921057,6.742842,0.075082,-0.178215
8249,2.474798,7.041499,6.847099,0.076857,-0.194400
8249,2.525302,7.155652,6.945456,0.079290,-0.210196
8249,2.575806,7.274400,7.044614,0.082290,-0.229786
8249,2.626310,7.406788,7.151544,0.085653,-0.255243
8249,2.676814,7.557171,7.270709,0.089096,-0.286462
8249,2.727318,7.724012,7.402352,0.092313,-0.321660
8249,2.777822,7.900321,7.541975,0.095001,-0.358346
8249,2.828326,8.075264,7.680936,0.096878,-0.394328
8249,2.878830,8.236113,7.807798,0.097705,-0.428316
8249,2.929334,8.369817,7.909811,0.097285,-0.460006
8249,2.979838,8.463899,7.974067,0.095497,-0.489832
8249,3.030342,8.506742,7.988133,0.092287,-0.518608
8249,3.080846,8.487436,7.940258,0.087680,-0.547178
8249,3.131351,8.395424,7.819348,0.081770,-0.576076
8249,3.181855,8.220069,7.614945,0.074717,-0.605124
8249,3.232359,7.950261,7.317431,0.066726,-0.632830
8249,3.282863,7.574147,6.918719,0.058073,-0.655428
8249,3.333367,7.079069,6.413800,0.053822,-0.665268
8249,3.383871,6.451932,5.803740,0.051775,-0.648192
8249,3.434375,5.680620,5.100954,0.049206,-0.579666
8249,3.484879,4.758726,4.337361,0.045898,-0.421365
8249,3.535383,3.702921,3.573327,0.041812,-0.129594
8249,3.585887,2.625294,2.893576,0.037012,0.268282
8249,3.636391,1.979072,2.354080,0.031659,0.375008
8249,3.686895,2.243422,2.156856,0.026004,-0.086566
8249,3.737399,2.734729,2.348272,0.021840,-0.386457
8249,3.787903,2.889787,2.287616,0.028714,-0.602171
8249,3.838407,2.313760,2.326951,0.035100,0.013191
8249,3.888911,1.526723,2.965116,0.040859,1.438394
8249,3.939415,1.980369,3.458889,0.045934,1.478520
8249,3.989919,2.998356,3.904302,0.050361,0.905946
8249,4.040423,3.952352,4.440263,0.054254,0.487910
8249,4.090927,4.775448,4.998319,0.057765,0.222871
8249,4.141431,5.482734,5.528503,0.061019,0.045769
8249,4.191935,6.092634,6.009182,0.063999,-0.083452
8249,4.242439,6.618714,6.433069,0.066492,-0.185645
8249,4.292943,7.070321,6.798952,0.068169,-0.271369
8249,4.343447,7.453832,7.107952,0.068715,-0.345880
8249,4.393952,7.773576,7.361900,0.067929,-0.411676
8249,4.444456,8.032477,7.562647,0.065772,-0.469830
8249,4.494960,8.232513,7.711769,0.062420,-0.520745
8249,4.545464,8.375066,7.810444,0.058451,-0.564622
8249,4.595968,8.461172,7.859395,0.055541,-0.601777
8249,4.646472,8.491651,7.858769,0.054983,-0.632882
8249,4.696976,8.467031,7.807860,0.054942,-0.659171
8249,4.747480,8.387134,7.704438,0.054778,-0.682696
8249,4.797984,8.250075,7.543284,0.054310,-0.706791
8249,4.848488,8.050227,7.312847,0.053468,-0.737380
8249,4.898992,7.773977,6.986288,0.052236,-0.787689
8249,4.949496,7.389355,6.474357,0.050622,-0.914997
8249,5.000000,6.808411,0.741572,0.048662,-6.066839
52231,0.000100,18.285833,18.145551,0.494040,-0.140282
52231,0.050604,18.258632,18.117960,0.493216,-0.140672
52231,0.101108,18.176996,18.035142,0.488205,-0.141854
52231,0.151612,18.040172,17.896298,0.479082,-0.143874
52231,0.202116,17.846866,17.700058,0.465984,-0.146807
52231,0.252620,17.595180,17.444413,0.449083,-0.150767
52231,0.303124,17.282520,17.126616,0.428632,-0.155905
52231,0.353628,16.905462,16.743049,0.404907,-0.162412
52231,0.404132,16.459573,16.289044,0.378269,-0.170529
52231,0.454636,15.939167,15.758634,0.349119,-0.180533
52231,0.505140,15.336957,15.144229,0.317918,-0.192728
52231,0.555644,14.643564,14.436176,0.285193,-0.207388
52231,0.606148,13.846768,13.622165,0.251556,-0.224603
52231,0.656653,12.930352,12.686526,0.217683,-0.243826
52231,0.707157,11.872433,11.610000,0.184397,-0.262433
52231,0.757661,10.644705,10.373969,0.152687,-0.270736
52231,0.808165,9.228083,8.991327,0.123829,-0.236756
52231,0.858669,7.755726,7.638085,0.099576,-0.117641
52231,0.909173,6.924994,6.755082,0.082458,-0.169912
52231,0.959677,6.891888,6.550087,0.076201,-0.341801
52231,1.010181,6.953401,6.797958,0.084234,-0.155444
52231,1.060685,7.269738,7.268750,0.100658,-0.000988
52231,1.111189,7.786453,7.801879,0.117557,0.015425
52231,1.161693,8.331312,8.316133,0.132294,-0.015180
52231,1.212197,8.817835,8.768645,0.143944,-0.049189
52231,1.262701,9.217428,9.139581,0.152121,-0.077848
52231,1.313205,9.523535,9.421746,0.156681,-0.101789
52231,1.363709,9.736352,9.613383,0.157636,-0.122969
52231,1.414213,9.857364,9.714331,0.155124,-0.143034
52231,1.464717,9.887418,9.724190,0.149381,-0.163228
52231,1.515221,9.825968,9.641402,0.140749,-0.184566
52231,1.565725,9.670640,9.462618,0.129674,-0.208023
52231,1.616229,9.416696,9.181960,0.116737,-0.234736
52231,1.666733,9.056063,8.789694,0.102693,-0.266370
52231,1.717237,8.575211,8.269218,0.088449,-0.305993
52231,1.767741,7.949733,7.588615,0.074708,-0.361118
52231,1.818245,7.126669,6.667548,0.061650,-0.459121
52231,1.868749,5.928828,5.086506,0.049323,-0.842322
52231,1.919254,1.535089,2.637801,0.038047,1.102712
52231,1.969758,6.585639,5.661876,0.029585,-0.923763
52231,2.020262,7.813889,7.279384,0.047286,-0.534504
52231,2.070766,8.681231,8.277604,0.064802,-0.403627
52231,2.121270,9.349445,9.017738,0.081647,-0.331708
52231,2.171774,9.876358,9.590418,0.097430,-0.285940
52231,2.222278,10.291538,10.036421,0.111815,-0.255117
52231,2.272782,10.612590,10.378597,0.124521,-0.233993
52231,2.323286,10.850741,10.631094,0.135313,-0.219648
52231,2.373790,11.013315,10.803024,0.144004,-0.210291
52231,2.424294,11.104996,10.900242,0.150463,-0.204754
52231,2.474798,11.128564,10.926318,0.154611,-0.202246
52231,2.525302,11.085336,10.883120,0.156416,-0.202216
52231,2.575806,10.975454,10.771188,0.155888,-0.204266
52231,2.626310,10.798073,10.589979,0.153058,-0.208094
52231,2.676814,10.551489,10.338028,0.147972,-0.213461
52231,2.727318,10.233209,10.013030,0.140685,-0.220179
52231,2.777822,9.839950,9.611801,0.131278,-0.228148
52231,2.828326,9.367499,9.130019,0.119862,-0.237481
52231,2.878830,8.810278,8.561460,0.106605,-0.248818
52231,2.929334,8.160202,7.896133,0.091742,-0.264068
52231,2.979838,7.403864,7.115601,0.075586,-0.288264
52231,3.030342,6.514949,6.179591,0.058540,-0.335358
52231,3.080846,5.427750,4.970695,0.041152,-0.457054
52231,3.131351,3.814462,2.623441,0.024260,-1.191021
52231,3.181855,4.277338,2.661408,0.015197,-1.615930
52231,3.232359,5.991132,5.383022,0.033973,-0.608109
52231,3.282863,7.145223,6.680470,0.052301,-0.464753
52231,3.333367,8.040722,7.670321,0.069921,-0.370402
52231,3.383871,8.749499,8.449299,0.086592,-0.300201
52231,3.434375,9.310528,9.064703,0.102084,-0.245824
52231,3.484879,9.749356,9.546215,0.116200,-0.203142
52231,3.535383,10.084090,9.914548,0.128775,-0.169543
52231,3.585887,10.328072,10.184957,0.139703,-0.143115
52231,3.636391,10.491355,10.369018,0.148917,-0.122337
52231,3.686895,10.581657,10.475717,0.156408,-0.105939
52231,3.737399,10.605044,10.512242,0.162215,-0.092803
52231,3.787903,10.566504,10.484610,0.166402,-0.081893
52231,3.838407,10.470448,10.398244,0.169034,-0.072204
52231,3.888911,10.321216,10.258489,0.170154,-0.062727
52231,3.939415,10.123577,10.071104,0.169771,-0.052473
52231,3.989919,9.883218,9.842654,0.167851,-0.040564
52231,4.040423,9.607184,9.580775,0.164347,-0.026409
52231,4.090927,9.304171,9.294173,0.159243,-0.009998
52231,4.141431,8.984536,8.992299,0.152566,0.007763
52231,4.191935,8.659834,8.684612,0.144417,0.024778
52231,4.242439,8.341712,8.379502,0.134978,0.037790
52231,4.292943,8.040060,8.083027,0.124507,0.042967
52231,4.343447,7.760703,7.797747,0.113329,0.037044
52231,4.393952,7.503257,7.521831,0.101830,0.018573
52231,4.444456,7.260047,7.248543,0.090455,-0.011504
52231,4.494960,7.016562,6.966169,0.079710,-0.050393
52231,4.545464,6.753096,6.658576,0.070140,-0.094520
52231,4.595968,6.446609,6.307025,0.062138,-0.139584
52231,4.646472,6.072435,5.895689,0.055667,-0.176746
52231,4.696976,5.609493,5.429775,0.050331,-0.179717
52231,4.747480,5.069934,4.980728,0.045748,-0.089205
52231,4.797984,4.603482,4.701051,0.041776,0.097569
52231,4.848488,4.535836,4.663081,0.038603,0.127244
52231,4.898992,4.910442,4.826504,0.036759,-0.083938
52231,4.949496,5.395561,5.122390,0.037024,-0.273171
52231,5.000000,5.794422,5.427978,0.039902,-0.366444
